date,strategy_net,benchmark_net
2018-01-02,1.0,1.0
2018-01-03,1.0,1.0
2018-01-04,1.0,1.0
2018-01-05,1.0,1.0
2018-01-08,1.0,1.0
2018-01-09,1.0,1.0
2018-01-10,1.0,1.0
2018-01-11,1.0,1.0
2018-01-12,1.0,1.0
2018-01-15,1.0,1.0
2018-01-16,1.0,1.0
2018-01-17,1.0,1.0
2018-01-18,1.0,1.0
2018-01-19,1.0,1.0
2018-01-22,1.0,1.0
2018-01-23,1.0,1.0
2018-01-24,1.0,1.0
2018-01-25,1.0,1.0
2018-01-26,1.0,1.0
2018-01-29,1.0,1.0
2018-01-30,1.0,1.0
2018-01-31,1.0,0.999
2018-02-01,1.0,1.017962715687734
2018-02-02,1.0,1.0197215877830148
2018-02-05,1.0,1.0316401359843712
2018-02-06,1.0,1.036341895101227
2018-02-07,1.0,1.0424076176825998
2018-02-08,1.0,1.0508010530123024
2018-02-09,1.0,1.0515633788137944
2018-02-12,1.0,1.0635616704540234
2018-02-13,1.0,1.0495099882779635
2018-02-14,1.0,1.0433109338819437
2018-02-15,1.0,1.0301522660287632
2018-02-16,1.0,1.0415751607336818
2018-02-19,1.0,1.0394064480174654
2018-02-20,1.0,1.0432841012208158
2018-02-21,1.0,1.0268733857881913
2018-02-22,1.0,1.0143631309232022
2018-02-23,1.0,0.9991100353330904
2018-02-26,1.0,1.0098524233655293
2018-02-27,1.0,1.0130132667675147
2018-02-28,1.0,1.0026848316104044
2018-03-01,1.0,1.0212378047533752
2018-03-02,1.0,1.0404009684514746
2018-03-05,1.0,1.0405339624834289
2018-03-06,1.0,1.0485591081703676
2018-03-07,1.0,1.0657549416945404
2018-03-08,1.0,1.0557615139375622
2018-03-09,1.0,1.0571114094386533
2018-03-12,1.0,1.0619550478845647
2018-03-13,1.0,1.0657180833770799
2018-03-14,1.0,1.0571741016532767
2018-03-15,1.0,1.0548762742142626
2018-03-16,1.0,1.0572597024030486
2018-03-19,1.0,1.0632793583586064
2018-03-20,1.0,1.063077880256608
2018-03-21,1.0,1.0582173457554669
2018-03-22,1.0,1.0763381930701066
2018-03-23,1.0,1.098776627730586
2018-03-26,1.0,1.1086962825895765
2018-03-27,1.0,1.11091748258475
2018-03-28,1.0,1.1207339000267618
2018-03-29,1.0,1.1270099050878388
2018-03-30,1.0,1.139925450617174
2018-04-02,1.0,1.1408395550299844
2018-04-03,1.0,1.1416376923400846
2018-04-04,1.0,1.1528025713094094
2018-04-05,1.0,1.1544889033996482
2018-04-06,1.0,1.1252133514176823
2018-04-09,1.0,1.1102103839051651
2018-04-10,1.0,1.10354888167734
2018-04-11,1.0,1.1005277367887585
2018-04-12,1.0,1.093401728117954
2018-04-13,1.0,1.0755467998854262
2018-04-16,1.0,1.1031494874450554
2018-04-17,1.0,1.1203174496964354
2018-04-18,1.0,1.1192535852849597
2018-04-19,1.0,1.1143103917222328
2018-04-20,1.0,1.111512924884404
2018-04-23,1.0,1.1123994984786378
2018-04-24,1.0,1.1088185912572177
2018-04-25,1.0,1.1323024948735412
2018-04-26,1.0,1.128697199611947
2018-04-27,1.0,1.1176045621077186
2018-04-30,1.0,1.1146580765620433
2018-05-01,1.0,1.122039924641817
2018-05-02,1.0,1.1157901463635773
2018-05-03,1.0,1.1116838888030387
2018-05-04,1.0,1.127295238245739
2018-05-07,1.0,1.1258876782992258
2018-05-08,1.0,1.116910519517508
2018-05-09,1.0,1.1166605137509493
2018-05-10,1.0,1.1104233587861359
2018-05-11,1.0,1.1132530380350243
2018-05-14,1.0,1.1220571882157429
2018-05-15,1.0,1.1162300393174671
2018-05-16,1.0,1.110177007201048
2018-05-17,1.0,1.102705097162318
2018-05-18,1.0,1.099982126491714
2018-05-21,1.0,1.1046651395142915
2018-05-22,1.0,1.113518917391552
2018-05-23,1.0,1.1296954494342615
2018-05-24,1.0,1.1610974949155008
2018-05-25,1.0,1.1480107021883754
2018-05-28,1.0,1.152290417152222
2018-05-29,1.0,1.1581974260971777
2018-05-30,1.0,1.160761973674607
2018-05-31,1.0,1.159262526344526
2018-06-01,1.0,1.1589526114595168
2018-06-04,1.0,1.1448538075666943
2018-06-05,1.0,1.1452114581923218
2018-06-06,1.0,1.1579238812481543
2018-06-07,1.0,1.178553106100766
2018-06-08,1.0,1.1755627686853838
2018-06-11,1.0,1.1665094011376536
2018-06-12,1.0,1.1534070971656634
2018-06-13,1.0,1.1594193902062433
2018-06-14,1.0,1.15378997949319
2018-06-15,1.0,1.1438061561302093
2018-06-18,1.0,1.1391617407199526
2018-06-19,1.0,1.1560965372922893
2018-06-20,1.0,1.1624265789760455
2018-06-21,1.0,1.1573608147340342
2018-06-22,1.0,1.1542312250620261
2018-06-25,1.0,1.1653665038850667
2018-06-26,1.0,1.17213524699871
2018-06-27,1.0,1.1839991619984718
2018-06-28,1.0,1.190604908710856
2018-06-29,1.0,1.1960104722033442
2018-07-02,1.0,1.1877889184405073
2018-07-03,1.0,1.1970015097000926
2018-07-04,1.0,1.2023845306741516
2018-07-05,1.0,1.197153278331822
2018-07-06,1.0,1.191203609912907
2018-07-09,1.0,1.1939636556627888
2018-07-10,1.0,1.2120347626012649
2018-07-11,1.0,1.201750956160283
2018-07-12,1.0,1.2132186864663461
2018-07-13,1.0,1.2086437190887869
2018-07-16,1.0,1.2181449729866638
2018-07-17,1.0,1.2166227398993479
2018-07-18,1.0,1.2318940694708678
2018-07-19,1.0,1.2313061273193928
2018-07-20,1.0,1.229179527704703
2018-07-23,1.0,1.244521427449933
2018-07-24,1.0,1.241360581238305
2018-07-25,1.0,1.2626835507099454
2018-07-26,1.0,1.2556224880615199
2018-07-27,1.0,1.2461828628124563
2018-07-30,1.0,1.2406212872900984
2018-07-31,1.0,1.224336630492055
2018-08-01,1.0,1.2177809933128723
2018-08-02,1.0,1.2152687410018812
2018-08-03,1.0,1.2372991154970263
2018-08-06,1.0,1.2445147402123278
2018-08-07,1.0,1.251184815326217
2018-08-08,1.0,1.2622380146358179
2018-08-09,1.0,1.2874828545135428
2018-08-10,1.0,1.2829721801241063
2018-08-13,1.0,1.2821861447356164
2018-08-14,1.0,1.2655156522180562
2018-08-15,1.0,1.2789655775990696
2018-08-16,1.0,1.260430413475201
2018-08-17,1.0,1.2620274881370426
2018-08-20,1.0,1.2500473832035195
2018-08-21,1.0,1.2628603575555954
2018-08-22,1.0,1.2598527170969835
2018-08-23,1.0,1.264405210715845
2018-08-24,1.0,1.2606497852376521
2018-08-27,1.0,1.2625116975373891
2018-08-28,1.0,1.258947274029851
2018-08-29,1.0,1.2544164319313893
2018-08-30,1.0,1.2560525100997975
2018-08-31,1.0,1.2568323694816876
2018-09-03,1.0,1.2631191617041913
2018-09-04,1.0,1.2595605534572814
2018-09-05,1.0,1.250800805682543
2018-09-06,1.0,1.2441964205815221
2018-09-07,1.0,1.2652597606999334
2018-09-10,1.0,1.2688344914936398
2018-09-11,1.0,1.2691112095414943
2018-09-12,1.0,1.279508678030854
2018-09-13,1.0,1.2827286139756564
2018-09-14,1.0,1.2891924452255306
2018-09-17,1.0,1.2960875605293134
2018-09-18,1.0,1.3073298615429803
2018-09-19,1.0,1.3423495231789078
2018-09-20,1.0,1.3355132362811015
2018-09-21,1.0,1.3354636842611045
2018-09-24,1.0,1.330047144441766
2018-09-25,1.0,1.3504177468710474
2018-09-26,1.0,1.3354205111182311
2018-09-27,1.0,1.349840703879591
2018-09-28,1.0,1.3190817443148484
2018-10-01,1.0,1.3518265692121691
2018-10-02,1.0,1.3267855478759272
2018-10-03,1.0,1.327371873919443
2018-10-04,1.0,1.3316406135534677
2018-10-05,1.0,1.3338031834898176
2018-10-08,1.0,1.3314013797638315
2018-10-09,1.0,1.3302421068711063
2018-10-10,1.0,1.3205480806113112
2018-10-11,1.0,1.309078009174419
2018-10-12,1.0,1.2976873634370822
2018-10-15,1.0,1.2977201850252547
2018-10-16,1.0,1.2813023683017668
2018-10-17,1.0,1.2837617615205534
2018-10-18,1.0,1.2792137783788862
2018-10-19,1.0,1.2741826213706562
2018-10-22,1.0,1.2656087192114747
2018-10-23,1.0,1.267093344583678
2018-10-24,1.0,1.2955726444580857
2018-10-25,1.0,1.3105053484439617
2018-10-26,1.0,1.3149978070488135
2018-10-29,1.0,1.29146678630537
2018-10-30,1.0,1.2869546152564764
2018-10-31,1.0,1.2933087954278346
2018-11-01,1.0,1.2923879475364244
2018-11-02,1.0,1.2963998859254318
2018-11-05,1.0,1.2871624644438318
2018-11-06,1.0,1.3024891359446646
2018-11-07,1.0,1.2790921791994376
2018-11-08,1.0,1.2823923707149667
2018-11-09,1.0,1.2889316740048837
2018-11-12,1.0,1.2775142763620153
2018-11-13,1.0,1.2782773791038728
2018-11-14,1.0,1.2773823179431643
2018-11-15,1.0,1.2940308444527073
2018-11-16,1.0,1.312343795050878
2018-11-19,1.0,1.316833750241349
2018-11-20,1.0,1.3267339221692924
2018-11-21,1.0,1.3092230564210026
2018-11-22,1.0,1.3179588607327974
2018-11-23,1.0,1.3193904296493595
2018-11-26,1.0,1.3069557404232537
2018-11-27,1.0,1.3032933626398688
2018-11-28,1.0,1.2959834353473592
2018-11-29,1.0,1.2881757871536237
2018-11-30,1.0,1.2965817157636887
2018-12-03,1.0,1.3054243308157043
2018-12-04,1.0,1.3089081691206554
2018-12-05,1.0,1.3074495053755715
2018-12-06,1.0,1.3169330060297528
2018-12-07,1.0,1.3063432286994028
2018-12-10,1.0,1.3200056721528142
2018-12-11,1.0,1.3262419319076906
2018-12-12,1.0,1.32449201744624
2018-12-13,1.0,1.3118456755403984
2018-12-14,1.0,1.320909020078641
2018-12-17,1.0,1.3507767799037544
2018-12-18,1.0,1.3498005424348254
2018-12-19,1.0,1.3408852618016782
2018-12-20,1.0,1.36269056104881
2018-12-21,1.0,1.3584494106404184
2018-12-24,1.0,1.371831157935375
2018-12-25,1.0,1.3753214263042957
2018-12-26,1.0,1.3698244121472418
2018-12-27,1.0,1.3659000486945556
2018-12-28,1.0,1.3575535518881978
2018-12-31,1.0,1.3546340235892576
2019-01-01,1.0,1.3327128499890897
2019-01-02,1.0,1.3459766720795023
2019-01-03,1.0,1.33057775790451
2019-01-04,1.0,1.330055133191825
2019-01-07,1.0,1.3462746426971468
2019-01-08,1.0,1.356339057032092
2019-01-09,1.0,1.373294452282198
2019-01-10,1.0,1.371103961448079
2019-01-11,1.0,1.3745908091420225
2019-01-14,1.0,1.3652316586626074
2019-01-15,1.0,1.3839469681471563
2019-01-16,1.0,1.3745845291416166
2019-01-17,1.0,1.3707761239737413
2019-01-18,1.0,1.3905805381185685
2019-01-21,1.0,1.3856574904965344
2019-01-22,1.0,1.3875065359673706
2019-01-23,1.0,1.387129878536331
2019-01-24,1.0,1.4006939721553748
2019-01-25,1.0,1.4013888111137198
2019-01-28,1.0,1.413195287572198
2019-01-29,1.0,1.3936474676871118
2019-01-30,1.0,1.4162955120887915
2019-01-31,0.999,1.4371668507897466
2019-02-01,1.002062052133828,1.4434249224950528
2019-02-04,1.0016138380650257,1.435105881661232
2019-02-05,1.0003337431205153,1.4640758189046839
2019-02-06,1.0036359283409135,1.436031126756299
2019-02-07,1.0032146770408557,1.435461526039578
2019-02-08,0.9992306276161927,1.4731392457602266
2019-02-11,0.9972781816675002,1.4700460793602523
2019-02-12,0.9912284535892962,1.4652074043960843
2019-02-13,0.990688244933242,1.4687187023947976
2019-02-14,0.9939716145371918,1.473032219537244
2019-02-15,0.9943529899685306,1.4783732948769126
2019-02-18,0.9995167769268045,1.4945697693822968
2019-02-19,0.9998375754841664,1.500238159284272
2019-02-20,1.0002396982499673,1.5165574275005589
2019-02-21,1.0067396703647657,1.512386518114558
2019-02-22,1.0102251442375274,1.5131412275185778
2019-02-25,1.009976274889823,1.4937115174033857
2019-02-26,1.0108808371902538,1.4748704687251242
2019-02-27,1.011977892042931,1.4845566807332784
2019-02-28,1.013781543370555,1.4399579842489065
2019-03-01,1.0150819417456438,1.4479881009425506
2019-03-04,1.0135408237799979,1.4482882099953933
2019-03-05,1.012218491402247,1.4394226721345098
2019-03-06,1.013981018764621,1.4441054062240775
2019-03-07,1.012318145781819,1.450338906112868
2019-03-08,1.0115978442731715,1.4459312279204377
2019-03-11,1.0120330247487188,1.446749955253941
2019-03-12,1.0098690652141737,1.4233500522396774
2019-03-13,1.0126241775497056,1.4263421431461014
2019-03-14,1.0128937579106723,1.414165675721219
2019-03-15,1.0133273756144126,1.4161643009348488
2019-03-18,1.0189926940122727,1.416925127703518
2019-03-19,1.0200928737489647,1.4012510830050273
2019-03-20,1.0206268398255545,1.4337022738705332
2019-03-21,1.0209305454743853,1.453929865843882
2019-03-22,1.0224153871032886,1.4627424248645138
2019-03-25,1.0214219724668951,1.4389144348854956
2019-03-26,1.0191304255973372,1.4217369145412542
2019-03-27,1.0194634496776052,1.4200864729739875
2019-03-28,1.0248717494603565,1.4073936463192909
2019-03-29,1.0237888019901358,1.4246840532973426
2019-04-01,1.0231764586097603,1.4293387979138716
2019-04-02,1.0207946977251428,1.4140541287406
2019-04-03,1.0214361584730092,1.405321135757576
2019-04-04,1.0156085904667842,1.4377050617794773
2019-04-05,1.0171292056255017,1.4435362248518993
2019-04-08,1.0134449838377844,1.4490938349852052
2019-04-09,1.0161720509642038,1.4779210778637697
2019-04-10,1.0158058325537507,1.4869550760458907
2019-04-11,1.0161072624938963,1.4758338266097855
2019-04-12,1.016926190539899,1.4795738999693826
2019-04-15,1.0153879401037276,1.5188863581511123
2019-04-16,1.0180118303800056,1.490529694467603
2019-04-17,1.016054777831107,1.4649682384185159
2019-04-18,1.0213455467186243,1.4482059781735175
2019-04-19,1.0182863614289392,1.4358974470822343
2019-04-22,1.0230509611014154,1.438419445053569
2019-04-23,1.0193383444988278,1.4432107886659986
2019-04-24,1.0185169839800234,1.4552388521264317
2019-04-25,1.017976566354881,1.468196199240747
2019-04-26,1.0199045101405984,1.4908037041139455
2019-04-29,1.0259660942106832,1.4696964873184828
2019-04-30,1.0293155520835457,1.4476422811086629
2019-05-01,1.0326745749817505,1.4661220759369675
2019-05-02,1.0260449339533204,1.4729053638476914
2019-05-03,1.0210449078852657,1.4575672576321455
2019-05-06,1.0216132970688174,1.4424749010281717
2019-05-07,1.02222425560258,1.4542463731736914
2019-05-08,1.0226973652212084,1.4603687766212676
2019-05-09,1.0205106987369201,1.473400471049842
2019-05-10,1.0144510487026044,1.450997624478105
2019-05-13,1.0146565322976817,1.4600144556248384
2019-05-14,1.0143231300582847,1.4776085973132007
2019-05-15,1.0182359740816649,1.4756986882564442
2019-05-16,1.0148212874034719,1.4654178290346305
2019-05-17,1.017174486209849,1.4607590276599627
2019-05-20,1.0134222938199817,1.4592273402176548
2019-05-21,1.0107753616567026,1.4687770179509443
2019-05-22,1.0105562069922527,1.4606597452009504
2019-05-23,1.013658365197348,1.4541513747660613
2019-05-24,1.0141652911977972,1.4594628219883319
2019-05-27,1.021757353264556,1.4497214762053017
2019-05-28,1.0203972646481385,1.459614525055896
2019-05-29,1.022640469148253,1.4750475675960013
2019-05-30,1.0229109697288965,1.4792889259129467
2019-05-31,1.019063160925169,1.491608159328968
2019-06-03,1.0177962344457692,1.4739442812530865
2019-06-04,1.021397039964832,1.469445387263088
2019-06-05,1.015034484706233,1.4917879136676349
2019-06-06,1.0163031650150038,1.5051957282684143
2019-06-07,1.0185235134641604,1.5171230251428107
2019-06-10,1.0210926003541032,1.5347116732762351
2019-06-11,1.021528667482671,1.5406648078544354
2019-06-12,1.0265850445621354,1.549359340738964
2019-06-13,1.0227093014519497,1.5339791423192644
2019-06-14,1.019889912853722,1.5376205414159676
2019-06-17,1.019386537508543,1.5170249318784015
2019-06-18,1.021956711682163,1.4680220136329758
2019-06-19,1.020146073501551,1.4621118925996481
2019-06-20,1.02224832715972,1.4427650951252662
2019-06-21,1.0193790976541157,1.4459204088787194
2019-06-24,1.0175064900147792,1.463582839827909
2019-06-25,1.0146457762227548,1.4658160838411094
2019-06-26,1.0116193690530229,1.4824590730082383
2019-06-27,1.0094033962101114,1.5059312454977503
2019-06-28,1.007604679346596,1.4902560039315385
2019-07-01,1.007735468819683,1.498217283394114
2019-07-02,1.0106112125516724,1.5209259400842075
2019-07-03,1.011703103109107,1.534396793191846
2019-07-04,1.0094015935627265,1.5605335759783165
2019-07-05,1.0126657718931513,1.5795480053767612
2019-07-08,1.0089689498787133,1.5704377091599266
2019-07-09,1.0088682834648715,1.5753398190670977
2019-07-10,1.0088346031798343,1.5736087900832787
2019-07-11,1.0147721522965676,1.5601695394324766
2019-07-12,1.0131650344526288,1.5458504000309814
2019-07-15,1.0102362215901666,1.498388939292478
2019-07-16,1.0136637433463669,1.497109587785958
2019-07-17,1.015070579204131,1.5186596837875255
2019-07-18,1.0145818788743168,1.525541939435363
2019-07-19,1.0143238648669097,1.5035994626785487
2019-07-22,1.01789899946506,1.503201058675133
2019-07-23,1.0214198161771126,1.4907850899306003
2019-07-24,1.018705720455105,1.5039742582014968
2019-07-25,1.0133385830978345,1.4871155347367015
2019-07-26,1.010392065696255,1.5145903346851652
2019-07-29,1.0039382548504738,1.5100777280642481
2019-07-30,1.0067960459368526,1.5140742799343825
2019-07-31,1.0056580065212188,1.5388590684142676
2019-08-01,1.0056189270575,1.5678069096537899
2019-08-02,0.9998863289055231,1.576956379025236
2019-08-05,0.996638407535289,1.587771204167489
2019-08-06,0.998259931459832,1.5866194456373302
2019-08-07,0.9991051184477714,1.5751380717878902
2019-08-08,1.0000570221821612,1.5729004807671327
2019-08-09,0.9989078637475005,1.5843126774399725
2019-08-12,1.0045931213525556,1.5517486327867962
2019-08-13,1.0035428311603156,1.5472575226485277
2019-08-14,1.002585161975172,1.5409719464247977
2019-08-15,1.001391968569334,1.5329213516360238
2019-08-16,1.0034294758220264,1.5238123547559956
2019-08-19,1.0106980079714767,1.5124366439230919
2019-08-20,1.0049660588230938,1.5287157494253676
2019-08-21,1.0069804723544868,1.4988809020382727
2019-08-22,1.0036776453136096,1.4941075286898293
2019-08-23,1.006089537473495,1.4964168857405502
2019-08-26,1.0061207818134341,1.4979156534415614
2019-08-27,1.0055000889800683,1.490654344573099
2019-08-28,1.0045723647886764,1.4881739532805414
2019-08-29,1.0032642592122512,1.4738048840197022
2019-08-30,1.000046493293912,1.4565473274914953
2019-09-02,0.9994443026096108,1.432977612433536
2019-09-03,0.9970862556353727,1.4131490268570035
2019-09-04,0.9999097517716199,1.430902699040182
2019-09-05,0.9987443913986854,1.4641073340202522
2019-09-06,1.0005713289821219,1.4713862769819988
2019-09-09,1.0048533470911565,1.4869527020375555
2019-09-10,1.0064053667528503,1.5029487043436662
2019-09-11,1.0079769568246288,1.476040493892058
2019-09-12,1.00862601195881,1.461008938313385
2019-09-13,1.008696690364984,1.4540429272806719
2019-09-16,1.0085201936402435,1.4398107919235263
2019-09-17,1.0098493190894349,1.442433483312491
2019-09-18,1.0062972657593192,1.4447503047943582
2019-09-19,1.007384887466708,1.4380858762203008
2019-09-20,1.010037989142662,1.4373149885554917
2019-09-23,1.0070123092782528,1.427415475087622
2019-09-24,1.0088267561347986,1.430753132124136
2019-09-25,1.0057672135668794,1.4329314374080293
2019-09-26,1.0046887346503843,1.4472080012072885
2019-09-27,1.001324335535003,1.4253201795991937
2019-09-30,1.0035263597239696,1.41535995193991
2019-10-01,1.0006402930098384,1.395874479049987
2019-10-02,1.0003543138203355,1.3702453577022593
2019-10-03,0.998097937811538,1.3534063253563868
2019-10-04,0.9944442500998144,1.3529578411125147
2019-10-07,0.9924499266396628,1.3739761277434113
2019-10-08,0.9957094025061622,1.374018903004015
2019-10-09,0.997216121249267,1.3730080005000693
2019-10-10,0.9997355181183699,1.3834689974499852
2019-10-11,1.0047889977028215,1.395228625981097
2019-10-14,1.0055670256500564,1.409262288421509
2019-10-15,0.9994783991495659,1.420677085474779
2019-10-16,0.9968220481013169,1.4234544668355125
2019-10-17,0.9947287509604623,1.4247736150851587
2019-10-18,0.9986876157953464,1.4261490251164277
2019-10-21,0.9974355842396119,1.40543912421679
2019-10-22,0.9991305186585686,1.4178519633833324
2019-10-23,0.9941790384806541,1.3920256698927322
2019-10-24,0.9882175778600911,1.3781349852880818
2019-10-25,0.9941748868129535,1.393001307747916
2019-10-28,0.9927788926619276,1.3871882785967444
2019-10-29,0.9929931890225296,1.3655399052227164
2019-10-30,0.9968797324636067,1.3425571407854935
2019-10-31,0.9975915985122521,1.3246284405748074
2019-11-01,0.9939406397972735,1.3193226111528735
2019-11-04,0.9952080838886073,1.2923304898183687
2019-11-05,0.995266343081911,1.2898847603063612
2019-11-06,0.9932248726189561,1.275995331364387
2019-11-07,0.9911097300854184,1.2599652594324233
2019-11-08,0.9940614145251426,1.2565726104771675
2019-11-11,0.9918070153537639,1.260510870901253
2019-11-12,0.9928220537172575,1.2603819661598594
2019-11-13,0.9949036872647203,1.2616748212247466
2019-11-14,0.9965442701535189,1.2516621267181198
2019-11-15,0.9985055505331653,1.2392235864813246
2019-11-18,0.9940665575841887,1.24002052598167
2019-11-19,0.9883433785565742,1.2529228167401278
2019-11-20,0.9915151107322846,1.2656824670945468
2019-11-21,0.9868409685178097,1.266146979338198
2019-11-22,0.9856962437718972,1.2618447926365304
2019-11-25,0.9817407211138152,1.255184842371818
2019-11-26,0.9835177150625464,1.253761855335316
2019-11-27,0.9829843992056202,1.2676102232160524
2019-11-28,0.9814135788190832,1.2778877329777836
2019-11-29,0.9832036797805707,1.2844252584654816
2019-12-02,0.9897302456583772,1.271571339983368
2019-12-03,0.9911389880015011,1.2735465380717155
2019-12-04,0.9923546925706948,1.2607712888291815
2019-12-05,0.991151040200806,1.250483373374228
2019-12-06,0.9921899022426094,1.2356155220967606
2019-12-09,0.9956709972027319,1.245968743198403
2019-12-10,0.9954101532534743,1.2230615378776821
2019-12-11,0.9977355874480575,1.2222033408275819
2019-12-12,0.9955346848036688,1.1936395659997867
2019-12-13,0.9946896715854254,1.1986901291158125
2019-12-16,0.9902156800248237,1.2021354325414042
2019-12-17,0.9930424207897138,1.2153944436367197
2019-12-18,0.9984909508962662,1.2466981140274693
2019-12-19,0.9979112841143627,1.2518254122783723
2019-12-20,0.9968948360011092,1.2625166587774064
2019-12-23,0.997894716039364,1.2802392064655685
2019-12-24,1.0007258145468505,1.2680662263732074
2019-12-25,0.9963307332060257,1.2893025132267701
2019-12-26,0.9968422690973435,1.2953896994444274
2019-12-27,0.9928070154558533,1.2994488595411071
2019-12-30,0.9944836482979816,1.2977560034446045
2019-12-31,0.9946338419462847,1.3184548806752514
2020-01-01,0.9922472353470183,1.329073647905894
2020-01-02,0.991580157051279,1.3244258348745084
2020-01-03,0.9923908730138501,1.3124670426256584
2020-01-06,0.9921075684266598,1.3323174981523458
2020-01-07,0.9932538731079648,1.3243923134964248
2020-01-08,0.995470679343364,1.3170144147060425
2020-01-09,0.99560824494811,1.3158884186514967
2020-01-10,0.9985850574189126,1.3051815835147644
2020-01-13,0.9984491568789148,1.2997165733943932
2020-01-14,0.9984695446027922,1.301197763182602
2020-01-15,0.9986559114138436,1.3051262075692955
2020-01-16,0.9997443518723564,1.2810723892401112
2020-01-17,0.9986422600271593,1.279529155200291
2020-01-20,0.9981505335002124,1.263334551920667
2020-01-21,0.9959692384494909,1.2596653413300931
2020-01-22,0.9928582948808397,1.2627714080417707
2020-01-23,0.9947758836046923,1.294399518850807
2020-01-24,0.9930050758716984,1.2901313394132379
2020-01-27,0.9905849782035729,1.2598743325178812
2020-01-28,0.9927993939051298,1.270497435498225
2020-01-29,0.9965625913085866,1.3057985354516197
2020-01-30,0.9990297635013804,1.308774622625703
2020-01-31,0.997341628547497,1.307690886965895
2020-02-03,0.9954567815494157,1.2943364823207124
2020-02-04,0.9980998704806266,1.3040804982766454
2020-02-05,1.0000010140025026,1.3240442439810831
2020-02-06,1.0018245411969182,1.3440850100652924
2020-02-07,1.0022103875469255,1.3255689151357095
2020-02-10,1.0043940083080927,1.3194696878126075
2020-02-11,1.005529035192561,1.309982714969
2020-02-12,1.0038656982444414,1.3115343688573284
2020-02-13,1.0020666001052712,1.2982023148886985
2020-02-14,1.0014813752835234,1.3056171181520917
2020-02-17,1.001468168141563,1.2715765267534047
2020-02-18,1.0022987940141996,1.2593268499573462
2020-02-19,1.0003705730555115,1.2623572929098097
2020-02-20,1.004086756074326,1.2806568418726487
2020-02-21,1.006306581543121,1.2968711094087162
2020-02-24,1.004871089713169,1.3027894945270877
2020-02-25,1.0022999016481617,1.3156634451992213
2020-02-26,1.0049294420260064,1.3203962019084867
2020-02-27,1.0029075896626076,1.315636372718486
2020-02-28,0.9993364912615939,1.3230833727853526
2020-03-02,0.9987765756114775,1.3197356533083155
2020-03-03,0.9989743664474734,1.325009410966424
2020-03-04,0.9963934142844589,1.3184141436951669
2020-03-05,0.9898500752815008,1.3113383320723377
2020-03-06,0.9888709179313858,1.3112410110212176
2020-03-09,0.9861714636171747,1.3071389759689434
2020-03-10,0.9845290076014824,1.3143684532209758
2020-03-11,0.9810268886101591,1.3279921746658772
2020-03-12,0.9840131322813336,1.3207588674060895
2020-03-13,0.9868089889167799,1.3074975886188702
2020-03-16,0.9849536271945155,1.3286136602897363
2020-03-17,0.9846649586359235,1.3290356715403482
2020-03-18,0.9835203787567215,1.3466254769615669
2020-03-19,0.9812402419078992,1.3385549653523579
2020-03-20,0.9816081536234486,1.3453745543327507
2020-03-23,0.977033147081971,1.3310835581774307
2020-03-24,0.9722285518730905,1.3129230037162785
2020-03-25,0.9706840858420058,1.3259138692872123
2020-03-26,0.9706872618024547,1.3172897798635617
2020-03-27,0.9670624231645433,1.3219151993252916
2020-03-30,0.9627394846975357,1.3330705376890357
2020-03-31,0.9623863001241293,1.3011015956100018
2020-04-01,0.9635543769299734,1.2702450250844326
2020-04-02,0.9632170919471382,1.2766138829008868
2020-04-03,0.9656539799080918,1.274176470295455
2020-04-06,0.9650880893842168,1.2806210251546752
2020-04-07,0.9659413170987574,1.2645480021549178
2020-04-08,0.9662741969582741,1.271611552271788
2020-04-09,0.96379534642509,1.2824314322235626
2020-04-10,0.9659202123485727,1.279549195114622
2020-04-13,0.9635713742800609,1.268315912328672
2020-04-14,0.9595131680257597,1.2792591283115775
2020-04-15,0.9573608258257863,1.2863191415812565
2020-04-16,0.9520204968226802,1.2723736653919655
2020-04-17,0.953020139026409,1.3009800581408828
2020-04-20,0.9530174287153599,1.3140469948378515
2020-04-21,0.9567437340817189,1.3401956238120318
2020-04-22,0.9598391963448252,1.3538484196137854
2020-04-23,0.9620888078291111,1.3502819827343944
2020-04-24,0.9613606806618605,1.339817384746895
2020-04-27,0.9610125083808347,1.335144032294745
2020-04-28,0.9598288603329961,1.3320176332130038
2020-04-29,0.9631835980010882,1.3478868202217227
2020-04-30,0.964393338832066,1.3355140961301657
2020-05-01,0.9664075331593196,1.3752277230914416
2020-05-04,0.9647954495943238,1.384176132260694
2020-05-05,0.9607893211422893,1.3948513617539426
2020-05-06,0.9600532711390883,1.4140619625423403
2020-05-07,0.9596732815327528,1.4403470392922324
2020-05-08,0.960584589531152,1.4499980687519125
2020-05-11,0.961311915652382,1.4537832205881105
2020-05-12,0.9634874977537948,1.4730616796326552
2020-05-13,0.9647856987425675,1.4654131682210245
2020-05-14,0.9652434513859378,1.4505152669178456
2020-05-15,0.9665588145332177,1.4736430042263362
2020-05-18,0.9698324773971017,1.4645396115509894
2020-05-19,0.9720069518822371,1.4632816610594142
2020-05-20,0.9708866745121154,1.4574808197073035
2020-05-21,0.9680909411567158,1.458900477552393
2020-05-22,0.9713554668989045,1.4299398699582733
2020-05-25,0.9725748825347333,1.4583048811201984
2020-05-26,0.9712541623371637,1.4595161736890954
2020-05-27,0.9714037427172756,1.4616372293251034
2020-05-28,0.967838036957875,1.496294832155981
2020-05-29,0.9716988209708675,1.4830178305365875
2020-06-01,0.9718452067975146,1.4732479295479952
2020-06-02,0.966861062904674,1.4812855029866583
2020-06-03,0.9658788466189293,1.473730386905346
2020-06-04,0.9634222646146836,1.4886555221112328
2020-06-05,0.9681148450175883,1.4969658829900887
2020-06-08,0.9691646294367704,1.493753944614376
2020-06-09,0.9670833547595603,1.4957807641474747
2020-06-10,0.9668825816345834,1.508809823990515
2020-06-11,0.9625933712517419,1.4853662782777555
2020-06-12,0.9651902355387777,1.4746189395642955
2020-06-15,0.9623455716492435,1.4779599516163027
2020-06-16,0.964813771073499,1.4559420576447417
2020-06-17,0.9665714924449382,1.4542437004046667
2020-06-18,0.9653755565326507,1.4472669404326892
2020-06-19,0.967344909088667,1.4374409069905731
2020-06-22,0.9688225412637613,1.4353084347584868
2020-06-23,0.9725814658481967,1.430513115300058
2020-06-24,0.973429029695577,1.4465639265516255
2020-06-25,0.9726926372575134,1.4689848178518978
2020-06-26,0.9709251011679633,1.487337523351028
2020-06-29,0.9741545395318796,1.4914187814509978
2020-06-30,0.9707990028383836,1.4839236232252297
2020-07-01,0.9698021552536934,1.5131471708675184
2020-07-02,0.9705198905039478,1.5156817572674042
2020-07-03,0.9659678198336173,1.5283913729541296
2020-07-06,0.9661399323263679,1.5076540071671325
2020-07-07,0.9666694864143183,1.5172047742923522
2020-07-08,0.9648598825376344,1.5132388855627867
2020-07-09,0.9660412078653764,1.5058740031027456
2020-07-10,0.9674759584757266,1.487715661739788
2020-07-13,0.9706624249552247,1.4997898881689662
2020-07-14,0.970689348263329,1.4772398658756232
2020-07-15,0.9702512886679285,1.4763747957304312
2020-07-16,0.9734756272029826,1.4838729884485746
2020-07-17,0.9743976664237914,1.4691131192122735
2020-07-20,0.9699409963035488,1.4353643169463488
2020-07-21,0.9728189966183418,1.4522238214257404
2020-07-22,0.9702491961976968,1.4530674832678327
2020-07-23,0.9755409497893557,1.4711637971724671
2020-07-24,0.9730750368576931,1.4837281862786382
2020-07-27,0.9725806027953644,1.511989711088383
2020-07-28,0.9738292929926544,1.5039316320317457
2020-07-29,0.9750063147618822,1.4840566244012723
2020-07-30,0.9678029655602269,1.4837334441582934
2020-07-31,0.9638032634771424,1.4645240557774217
2020-08-03,0.9641161954133807,1.4676056481470892
2020-08-04,0.9641266866531737,1.4753595433569442
2020-08-05,0.9617770124630928,1.4741157239878122
2020-08-06,0.967111926032187,1.4664732020576232
2020-08-07,0.9660942690844586,1.4742522128470632
2020-08-10,0.9695046376522216,1.4898335087976486
2020-08-11,0.9712847624965129,1.493286791862754
2020-08-12,0.9727167127971913,1.5286831446573816
2020-08-13,0.9695814140367008,1.488238702468923
2020-08-14,0.9703075078509608,1.4940536021717798
2020-08-17,0.9656730431629036,1.4845276554809972
2020-08-18,0.961114613724367,1.5027829320607309
2020-08-19,0.9643974518991373,1.4925253904292544
2020-08-20,0.9684733500443772,1.49784203434683
2020-08-21,0.9659808437174243,1.4963223134568673
2020-08-24,0.9687665351697732,1.4977988245560367
2020-08-25,0.9673009204145363,1.483555790635335
2020-08-26,0.9674145951099411,1.5050252836584757
2020-08-27,0.9674380582175501,1.4887809089279291
2020-08-28,0.9659000696360905,1.4842032728242933
2020-08-31,0.9658151838884192,1.4805691524238005
2020-09-01,0.9633287496165769,1.482435448744681
2020-09-02,0.9624276747387546,1.4976758219260258
2020-09-03,0.9566734327020819,1.4880395172000047
2020-09-04,0.9579471353820629,1.495811219516421
2020-09-07,0.9582114921334982,1.4941593052967441
2020-09-08,0.9615301072883652,1.4652583043882632
2020-09-09,0.9654158770793239,1.4411584776663613
2020-09-10,0.9664558571351294,1.450862340336998
2020-09-11,0.9611151587345711,1.4490106644509626
2020-09-14,0.966796081115801,1.4346426902649028
2020-09-15,0.9660362993928236,1.4210448754942613
2020-09-16,0.9665549391097085,1.4146062609449326
2020-09-17,0.9638669394094236,1.4298194482407858
2020-09-18,0.958192609696799,1.4221838403522704
2020-09-21,0.9611268594285206,1.3961024582619763
2020-09-22,0.9608032163386423,1.3854930149511877
2020-09-23,0.9625535189448241,1.3682344009329346
2020-09-24,0.962661990802411,1.380348638101134
2020-09-25,0.9611934057406235,1.3785552851431022
2020-09-28,0.9609377220975773,1.3584179452394354
2020-09-29,0.960519088600987,1.3615098582849199
2020-09-30,0.9657957604251557,1.3602755490090312
2020-10-01,0.9690276279321135,1.3508753555072541
2020-10-02,0.969108626927946,1.3285651679526211
2020-10-05,0.9708561480452251,1.3133069608258543
2020-10-06,0.9707662517935998,1.300081957574769
2020-10-07,0.9683865387966736,1.3125817632991015
2020-10-08,0.9745055249300426,1.2877691829229914
2020-10-09,0.9763131880214212,1.3056875572294135
2020-10-12,0.9776693730655617,1.3139253417437622
2020-10-13,0.9804999569649552,1.3106209499211836
2020-10-14,0.9827673959365811,1.3032322851840088
2020-10-15,0.9807275742056737,1.2740164663242834
2020-10-16,0.9839005845722298,1.2719588046226042
2020-10-19,0.9838113869272396,1.2898290733790236
2020-10-20,0.9819664300204157,1.290395633599322
2020-10-21,0.9772669692178034,1.283668491939573
2020-10-22,0.9780314671719561,1.2792261083366063
2020-10-23,0.9781420206299385,1.2707026842304163
2020-10-26,0.9791452202805556,1.290662015371075
2020-10-27,0.9818608810303205,1.2858427461355038
2020-10-28,0.9822902929305677,1.2863913079001692
2020-10-29,0.9819681268017864,1.267111822167151
2020-10-30,0.9852503778888957,1.244833222888624
2020-11-02,0.9858756601010947,1.2353623709831962
2020-11-03,0.9858932020490367,1.242165651690824
2020-11-04,0.9831600534553374,1.2462299687369751
2020-11-05,0.9802420068434647,1.2311158031078517
2020-11-06,0.9824709914977264,1.214591524919939
2020-11-09,0.981924350245488,1.2101681590034619
2020-11-10,0.9804417263477805,1.192872619160419
2020-11-11,0.983293957153587,1.1950998409774236
2020-11-12,0.9846112664408355,1.1999491223147851
2020-11-13,0.9795277482120539,1.2067703578554938
2020-11-16,0.9734610820388485,1.2134337247056248
2020-11-17,0.9723380607779422,1.2267131830897653
2020-11-18,0.9745557745883507,1.219657204500607
2020-11-19,0.9698646047676013,1.1889154971968119
2020-11-20,0.9666481036605461,1.189632453639738
2020-11-23,0.9707176525883422,1.1975190287411819
2020-11-24,0.9716232983988695,1.2038336201157738
2020-11-25,0.9707866984328697,1.1924718995677461
2020-11-26,0.9687847468939265,1.1791637288404495
2020-11-27,0.9699845003627316,1.1796599508026877
2020-11-30,0.9725593184240648,1.1918533260395954
2020-12-01,0.9782807980535653,1.1843154729999654
2020-12-02,0.9774231437576845,1.1832779497706216
2020-12-03,0.985955773686237,1.174027254641669
2020-12-04,0.9858998045138779,1.1790303530883066
2020-12-07,0.9861876790221008,1.2147868819243668
2020-12-08,0.9864259324125602,1.2170950719399942
2020-12-09,0.9872228515807822,1.2175036197976636
2020-12-10,0.9922081218514993,1.2412606929595171
2020-12-11,0.9935817498952964,1.22010590747741
2020-12-14,0.9980344646995543,1.2035247930941415
2020-12-15,0.9925547252529623,1.2074972255614373
2020-12-16,0.9900451772559319,1.185371387563071
2020-12-17,0.9862112244091877,1.1837550002532014
2020-12-18,0.9816522582278946,1.1867334052704346
2020-12-21,0.9858087423834124,1.1867466264526194
2020-12-22,0.9857922649403137,1.1849093929051275
2020-12-23,0.98478667425979,1.2054708888228878
2020-12-24,0.9843781585746421,1.2122267379880673
2020-12-25,0.9869224899075235,1.2132473976307165
2020-12-28,0.988814887756547,1.2000282617470928
2020-12-29,0.9941991681743273,1.2186997159210509
2020-12-30,0.995948764452451,1.241952893024249
2020-12-31,0.9902713565113416,1.243049204051171
2021-01-01,0.985258270947813,1.2233502512494718
2021-01-04,0.9833359362795044,1.2389600126617872
2021-01-05,0.9835616489861101,1.222769650149328
2021-01-06,0.9810352128831372,1.2226801164174619
2021-01-07,0.9836008141369881,1.2217349928833219
2021-01-08,0.9863227270331137,1.2256315094638823
2021-01-11,0.9900916497454456,1.2032755825142747
2021-01-12,0.9934859945638003,1.223286300682443
2021-01-13,0.995613426199408,1.2103753039979723
2021-01-14,0.9962163905803358,1.2125328836387819
2021-01-15,0.996267151566765,1.2273202318115182
2021-01-18,0.999736328815762,1.2323671355576868
2021-01-19,0.9980429133027547,1.2314030247587668
2021-01-20,0.9967095885505539,1.241151558203814
2021-01-21,0.9975042921392271,1.260952036187325
2021-01-22,0.9961734617977579,1.2988335565815934
2021-01-25,0.9974268510743316,1.326288347415998
2021-01-26,0.9920191927140044,1.3042792104319956
2021-01-27,0.9928128161177033,1.3200581107019926
2021-01-28,0.9904385801558127,1.3031216833317507
2021-01-29,0.9931329983235491,1.2939918952903386
2021-02-01,0.9889168080687525,1.3039374149595873
2021-02-02,0.9871666355800247,1.2992579285388113
2021-02-03,0.9858278737484684,1.2916353577010506
2021-02-04,0.9884083385684219,1.2848339368018558
2021-02-05,0.9864569702478636,1.3064427323725527
2021-02-08,0.9865066405901186,1.3002118915669036
2021-02-09,0.9857106498940851,1.2858215180779586
2021-02-10,0.9881478531812138,1.2709758226188064
2021-02-11,0.9909821002524586,1.2733698767747639
2021-02-12,0.9945511167872828,1.2566361136760695
2021-02-15,0.9975204948319832,1.2626103644196485
2021-02-16,0.9945996748003673,1.2735871426239755
2021-02-17,0.9931242519138105,1.2822287609634073
2021-02-18,0.9926413262208211,1.2985952661693936
2021-02-19,0.9953028733171992,1.302188757244913
2021-02-22,0.9933827663678511,1.2784815198478192
2021-02-23,0.9971040896607121,1.2735834414791725
2021-02-24,0.9928938483222852,1.273175663282921
2021-02-25,0.9866324902148891,1.265953766781949
2021-02-26,0.9906879743559118,1.2641445238291056
2021-03-01,0.9919046373597027,1.2670972386566839
2021-03-02,0.9904469380146631,1.2924545589212684
2021-03-03,0.9870479344792815,1.3099982384349707
2021-03-04,0.9867281948310344,1.3018614272811673
2021-03-05,0.9847086471270537,1.2853763561796958
2021-03-08,0.9867005949199545,1.3030385884697475
2021-03-09,0.9901377190088234,1.2897423408644961
2021-03-10,0.9884833301236716,1.2956661966843654
2021-03-11,0.9875208997478482,1.3120683965156987
2021-03-12,0.9876543608464676,1.3072702983226416
2021-03-15,0.983273638963541,1.3023309180332137
2021-03-16,0.9838642521271089,1.2958506919153425
2021-03-17,0.980752142059872,1.330531444456643
2021-03-18,0.9817707100325791,1.31396223110489
2021-03-19,0.9795228286577708,1.3066347260376872
2021-03-22,0.9835503023688723,1.3025299576998153
2021-03-23,0.9818775120404492,1.2928531383334712
2021-03-24,0.9781162374234077,1.3022477443712237
2021-03-25,0.9793520847210092,1.2948287042092321
2021-03-26,0.9809391943192647,1.312707680849199
2021-03-29,0.9826308578242099,1.3160155709540675
2021-03-30,0.9779660784357154,1.303135390205493
2021-03-31,0.980838757603449,1.2971629076928657
2021-04-01,0.9858417490246948,1.311596043394348
2021-04-02,0.9873200560753306,1.3136351783622562
2021-04-05,0.9915524467387141,1.2978063224483825
2021-04-06,0.9927554223338456,1.311232526956926
2021-04-07,0.9955076750132414,1.309731433708496
2021-04-08,0.9970162910695949,1.305205859560462
2021-04-09,0.9975267772211656,1.310186728322035
2021-04-12,0.9967221058690992,1.3142085585876622
2021-04-13,0.995667959806627,1.3327643639357343
2021-04-14,0.9973538028125142,1.3481530480851376
2021-04-15,0.9959525029212661,1.3402266256422772
2021-04-16,0.9959575830551816,1.3443306945954423
2021-04-19,1.0042524130461983,1.359583551034304
2021-04-20,1.0036458976817293,1.3627162620817366
2021-04-21,1.0056429232688182,1.34794460814208
2021-04-22,1.0079578065299275,1.3780173416444366
2021-04-23,1.0101803268358107,1.3623239079937097
2021-04-26,1.009954155527472,1.3783787579887532
2021-04-27,1.0068734924594096,1.3757223670395191
2021-04-28,1.0077488288569243,1.3708189021678128
2021-04-29,1.0068336898662567,1.3602567941359605
2021-04-30,1.005679629980133,1.3589816808126862
2021-05-03,1.0030934129719036,1.4038540834551936
2021-05-04,1.0066020418088333,1.4175848855273614
2021-05-05,1.0090410358111657,1.417311139900632
2021-05-06,1.0084677432787201,1.3887916263317004
2021-05-07,1.0058922404942234,1.405777857627845
2021-05-10,1.0041927445651242,1.4232319156054634
2021-05-11,1.0056163374327665,1.407625700461193
2021-05-12,1.0013546084180964,1.3806382752188793
2021-05-13,1.00130088167989,1.4275243430243862
2021-05-14,1.001947480384909,1.4235803490962322
2021-05-17,0.9998469295235336,1.4072608574962142
2021-05-18,1.0007847572700765,1.4098997811582166
2021-05-19,1.0016266092941515,1.4088659732259772
2021-05-20,1.00357000437934,1.389375584909412
2021-05-21,1.0010698402966411,1.4223889778036947
2021-05-24,0.996902286704981,1.431637179623327
2021-05-25,0.9979365019430252,1.4335326762277785
2021-05-26,0.997521581576443,1.4026769124561957
2021-05-27,0.9971994703180285,1.4001672566406649
2021-05-28,0.9940085129809085,1.4008036310564276
2021-05-31,0.993979173835836,1.4087840626699295
2021-06-01,0.9904555854786635,1.410627718085394
2021-06-02,0.9942273140829921,1.3938229023754445
2021-06-03,0.9944599661638728,1.4212452436126066
2021-06-04,0.9940869305805189,1.4246665315769373
2021-06-07,0.9969565535940008,1.4332071546696636
2021-06-08,0.9964701332982803,1.4419236606239332
2021-06-09,0.9938948431243794,1.4145458533677708
2021-06-10,0.9896080852924761,1.3992335791782144
2021-06-11,0.9882304865330893,1.3986293807196635
2021-06-14,0.9885143069569212,1.4346513458757875
2021-06-15,0.9931773810445701,1.4321336465006735
2021-06-16,0.9935654110335753,1.4335568335574524
2021-06-17,0.9919471495262574,1.4614790759695104
2021-06-18,0.9941264601789153,1.4607239317515706
2021-06-21,0.995608342123728,1.4362480791911547
2021-06-22,0.9977994488609371,1.4397698401273018
2021-06-23,0.9960179480565184,1.4508111108754376
2021-06-24,0.9972430413303185,1.4341046979592231
2021-06-25,0.9972569701969436,1.4193315343378714
2021-06-28,0.9964912900768284,1.4259066748810552
2021-06-29,0.9984412033085885,1.4071476647640817
2021-06-30,0.9992337313405248,1.411519252034666
2021-07-01,0.9991123843504919,1.4242336751193845
2021-07-02,1.001210894283998,1.4180907048002205
2021-07-05,0.9999797755545422,1.4286063627220613
2021-07-06,0.9944707127184907,1.4266301657622866
2021-07-07,0.9965151916749236,1.414235821715446
2021-07-08,0.9959161977237164,1.4320101285940143
2021-07-09,0.9969661470146385,1.4226247649371608
2021-07-12,0.9967540968292425,1.3964031472868572
2021-07-13,0.9995012490330439,1.3893785780249444
2021-07-14,0.9993831023260398,1.3912959580027637
2021-07-15,1.0072184351196625,1.3657972574128179
2021-07-16,1.0040891648906793,1.3622592746918205
2021-07-19,1.0051427365549137,1.3843744062641303
2021-07-20,1.0058338123471815,1.3898484042069403
2021-07-21,1.0044438734096484,1.3987712842036844
2021-07-22,1.0055011260459443,1.41206521302317
2021-07-23,0.9990126458395722,1.4284582002920576
2021-07-26,0.9996129108007571,1.4514857136156725
2021-07-27,1.001847800244658,1.4716185504879984
2021-07-28,1.0074530455402861,1.4928553399159004
2021-07-29,1.006003471329735,1.500650244382049
2021-07-30,1.0091289433933806,1.501174925642485
2021-08-02,1.0111315655046713,1.5041584558984307
2021-08-03,1.011335280660943,1.5039700130987879
2021-08-04,1.0115389894895517,1.5280766244259367
2021-08-05,1.0131623452049867,1.5267416073403264
2021-08-06,1.0132733289308482,1.5462348305158626
2021-08-09,1.0106399696671697,1.5288041950853934
2021-08-10,1.0121950728073636,1.5337784511002515
2021-08-11,1.0134876813420624,1.5583929672937005
2021-08-12,1.0104111709192785,1.5437154384056997
2021-08-13,1.0137742543521606,1.5472236920867108
2021-08-16,1.012205956800863,1.5444814879260256
2021-08-17,1.0128897539087478,1.5556967905315413
2021-08-18,1.0160640095725568,1.5476656591551996
2021-08-19,1.0109552141983689,1.5478829194204962
2021-08-20,1.0112248121424803,1.5585460801091742
2021-08-23,1.0103648124476043,1.5853292127564453
2021-08-24,1.0124238077058045,1.5733647610355292
2021-08-25,1.0131767330729078,1.5616897719766774
2021-08-26,1.0135571221264041,1.560409323949725
2021-08-27,1.0121237936657883,1.5683620478387892
2021-08-30,1.0097493081712354,1.5901259470570404
2021-08-31,1.0153300090498323,1.5795777743369053
2021-09-01,1.0157701313912653,1.5625946082996522
2021-09-02,1.0135057813472694,1.5701087105175777
2021-09-03,1.0168240056537088,1.5882813533402407
2021-09-06,1.0131001935492743,1.6024763090002292
2021-09-07,1.0142769709768886,1.6330817442671592
2021-09-08,1.013379369277852,1.649422153788957
2021-09-09,1.0134892332830097,1.6654687318932626
2021-09-10,1.0116979877707393,1.6599704361796417
2021-09-13,1.013118181114694,1.656531549544078
2021-09-14,1.014911696283858,1.6545496570257727
2021-09-15,1.0171971165368607,1.6666641687279646
2021-09-16,1.0159057340317674,1.6922321566104301
2021-09-17,1.0202159466487597,1.7023309219594585
2021-09-20,1.0191545572803593,1.7011975876970167
2021-09-21,1.0185304093440388,1.7183700462478668
2021-09-22,1.0167039040195076,1.7069253385362462
2021-09-23,1.0142733332898954,1.699607275731125
2021-09-24,1.0164068960654287,1.683745534603879
2021-09-27,1.0164000040110452,1.6684827462264673
2021-09-28,1.0137437041872845,1.673945014511146
2021-09-29,1.0074108232079397,1.686944470205338
2021-09-30,1.009983698843023,1.7089891988345816
2021-10-01,1.0024253351491481,1.6959705384080426
2021-10-04,1.0020575576755553,1.7063282244207882
2021-10-05,1.0046162660979117,1.7210324592289339
2021-10-06,1.0036442568222566,1.7168886359308215
2021-10-07,1.0096781076777146,1.694953238386006
2021-10-08,1.0053510719546928,1.684808838547941
2021-10-11,1.0060552070684041,1.6912184904640164
2021-10-12,1.008457008103373,1.6741640269853117
2021-10-13,1.0109814771042833,1.6823282057426803
2021-10-14,1.0149457618364803,1.6930793267738746
2021-10-15,1.0178615720906004,1.6920332429997702
2021-10-18,1.01651045641093,1.687157129769241
2021-10-19,1.0152557468086443,1.6972976339653316
2021-10-20,1.0165282912388542,1.6911182822887145
2021-10-21,1.0171445960988559,1.7056437651039054
2021-10-22,1.0195947764294981,1.7016264108748897
2021-10-25,1.0193168988864512,1.685541505988561
2021-10-26,1.0197150840499185,1.694708647544346
2021-10-27,1.0213075548857984,1.6884349353907993
2021-10-28,1.0183946922376648,1.6820551278820632
2021-10-29,1.0126792115960574,1.7038683445547316
2021-11-01,1.012144593654301,1.7101480568497012
2021-11-02,1.0157108518221887,1.688947661660361
2021-11-03,1.0181537623002401,1.6966606609761319
2021-11-04,1.0189110681774292,1.7360005432945622
2021-11-05,1.0168437209141834,1.74253338160772
2021-11-08,1.013098825227093,1.741322580476103
2021-11-09,1.0123619714258087,1.7397473313103269
2021-11-10,1.014389780279423,1.7205773080289426
2021-11-11,1.0148101813685675,1.7268798406370627
2021-11-12,1.0144609903423354,1.7175014641609987
2021-11-15,1.012825819584699,1.7104460898870528
2021-11-16,1.0132741758809687,1.7058158660818528
2021-11-17,1.0112027057312436,1.7015980204998045
2021-11-18,1.0096204508808702,1.6861524270396384
2021-11-19,1.0154843633575508,1.6812229649648702
2021-11-22,1.0178371683710972,1.7118238580665976
2021-11-23,1.0193123477611445,1.7182268920942438
2021-11-24,1.0189088646723594,1.7206816683895942
2021-11-25,1.0242342908189086,1.7566143011386577
2021-11-26,1.0331790710301145,1.7757945651939755
2021-11-29,1.0342278101577784,1.7719233571628614
2021-11-30,1.0361892057307858,1.748215738742253
2021-12-01,1.0368736894082207,1.7456135228126999
2021-12-02,1.0356264515513367,1.7479868692953964
2021-12-03,1.0355211318692297,1.7746762551414874
2021-12-06,1.0313056394317015,1.7701032439129727
2021-12-07,1.0357283183874626,1.7700363084205206
2021-12-08,1.037770723583872,1.7418104032203263
2021-12-09,1.0352612292797323,1.7245109706299397
2021-12-10,1.0353182816355302,1.7308136076698168
2021-12-13,1.0331780065553569,1.7362098504836454
2021-12-14,1.0282884704432431,1.7136778980685956
2021-12-15,1.0256247047124145,1.7337304188624765
2021-12-16,1.0225820359626514,1.7089944896074287
2021-12-17,1.0204786071732095,1.7026347264272315
2021-12-20,1.0214670300402198,1.701695858797207
2021-12-21,1.0194725432118739,1.6961136556864609
2021-12-22,1.0214217498854472,1.7212286947188393
2021-12-23,1.0225066519379096,1.6947781784399856
2021-12-24,1.0250348685695674,1.687003519652794
2021-12-27,1.0253104029320834,1.6872430875076276
2021-12-28,1.0303965759432905,1.683909650235253
2021-12-29,1.0306396456603786,1.6638349217073884
2021-12-30,1.0296259506483192,1.6521559051558776
2021-12-31,1.0278992990794718,1.6825896315659299
2022-01-03,1.0305320312058215,1.6941090791349909
2022-01-04,1.0295222401494157,1.6925590293909036
2022-01-05,1.029104165231251,1.7205171897129623
2022-01-06,1.0267883823141217,1.7509589624589057
2022-01-07,1.0266541335375514,1.7726588217926873
2022-01-10,1.0239151585360053,1.7501256445633124
2022-01-11,1.0216564631633136,1.7484311250622602
2022-01-12,1.0188949414484811,1.724303750437125
2022-01-13,1.0117497978699663,1.7413212441556867
2022-01-14,1.0051870976236845,1.7224985917781348
2022-01-17,1.0023145261430086,1.7129085860226425
2022-01-18,1.0009021366596522,1.7009812804338036
2022-01-19,1.0066309037824446,1.6899368843727887
2022-01-20,1.011118729780315,1.700527688180026
2022-01-21,1.0132794465593808,1.7067235625096464
2022-01-24,1.0198655976188884,1.6992836894156795
2022-01-25,1.0253898510755464,1.6949686451593935
2022-01-26,1.0202966467078625,1.6594724714083204
2022-01-27,1.0197600104938793,1.626893745269772
2022-01-28,1.0171134641816866,1.6221495791245069
2022-01-31,1.0181802332716328,1.62513564138041
2022-02-01,1.0152635249396715,1.6308009379731443
2022-02-02,1.0121425805481459,1.636178738225051
2022-02-03,1.0117160186608294,1.6331616263662216
2022-02-04,1.0096545268206645,1.6252243905632564
2022-02-07,1.0092097707622172,1.62497550601066
2022-02-08,1.0095851386405288,1.6411315377297058
2022-02-09,1.0133693706207196,1.6897898330173458
2022-02-10,1.0143773070036608,1.701551428853518
2022-02-11,1.010502383173023,1.721363245606272
2022-02-14,1.0159096696925127,1.7028414004896604
2022-02-15,1.0199424404800714,1.731510282549457
2022-02-16,1.0219764035607353,1.7108003279126995
2022-02-17,1.014635035791524,1.7385347521725043
2022-02-18,1.0137721678169236,1.746655979974626
2022-02-21,1.0158552424818768,1.7298114902056112
2022-02-22,1.0151932616722885,1.7390374619192164
2022-02-23,1.0114955470129225,1.7510830889641478
2022-02-24,1.0121310645378514,1.705861757622053
2022-02-25,1.0059983704083186,1.7109560759138367
2022-02-28,1.005213680160513,1.706330529666803
2022-03-01,1.0061098771707806,1.7111621373089083
2022-03-02,1.004235909029037,1.6945317784196867
2022-03-03,1.0040811524342197,1.722271214146683
2022-03-04,1.0067644988728153,1.706351738031826
2022-03-07,1.0039509225902612,1.7031455702673732
2022-03-08,1.0053169499206882,1.7086005938173705
2022-03-09,1.010264954009628,1.707423018735195
2022-03-10,1.0116564747149812,1.7074117930232204
2022-03-11,1.0124269784345967,1.7187050017539791
2022-03-14,1.0139900532834143,1.716200614732499
2022-03-15,1.0139135564841948,1.6889259967886074
2022-03-16,1.0147900361662439,1.6925879760942015
2022-03-17,1.0156681552570208,1.6641444254905498
2022-03-18,1.0198184973401108,1.6271955579762567
2022-03-21,1.0190091674204662,1.6110508264634225
2022-03-22,1.02114862048933,1.6223218349432242
2022-03-23,1.017769909162669,1.6263237527167116
2022-03-24,1.0185743630686264,1.631103497059522
2022-03-25,1.0188896983050293,1.6293811821139736
2022-03-28,1.0261459308365795,1.6180306533905757
2022-03-29,1.0292506902206533,1.6214001006284644
2022-03-30,1.0275867831324101,1.6246896963203865
2022-03-31,1.0265653708597666,1.634835641234187
2022-04-01,1.0308789742394249,1.644534268118819
2022-04-04,1.0250917631980847,1.6558050972869407
2022-04-05,1.0284388763968897,1.6759336949615837
2022-04-06,1.025805480147909,1.6459237680799368
2022-04-07,1.0262426266644549,1.6460565019838302
2022-04-08,1.0259103494932613,1.6765681335964406
2022-04-11,1.0268858013370539,1.680416511701878
2022-04-12,1.0244417123077874,1.650792727757188
2022-04-13,1.027303202360359,1.6491828701847724
2022-04-14,1.0288014959418026,1.632673053987467
2022-04-15,1.0262695090075349,1.6493613017304298
2022-04-18,1.0269173256226396,1.65666076340177
2022-04-19,1.0239339845391002,1.675999703445043
2022-04-20,1.024366707018371,1.6837835800548782
2022-04-21,1.0206966834680038,1.668264348368102
2022-04-22,1.0248047568403766,1.683433553668759
2022-04-25,1.0265341529159344,1.7132801175735295
2022-04-26,1.022205214706578,1.7056089131688765
2022-04-27,1.020162902146925,1.7227897111748605
2022-04-28,1.0203626377801234,1.7220324016129338
2022-04-29,1.0196311300678338,1.7024646907351282
2022-05-02,1.0183173577604352,1.692941393174695
2022-05-03,1.0164156218205633,1.6734556790773838
2022-05-04,1.015773535628139,1.680751050188501
2022-05-05,1.0172132598787873,1.6680603693783953
2022-05-06,1.0196898557365754,1.685384474565756
2022-05-09,1.0173376621741033,1.6791938009274578
2022-05-10,1.0153242681939796,1.6871087226458001
2022-05-11,1.0094593681889699,1.6695987526316416
2022-05-12,1.0092927605118434,1.6520435799990023
2022-05-13,1.0077292378877791,1.631841069393975
2022-05-16,1.0055860933381953,1.627621898550692
2022-05-17,1.009082927162724,1.62844305521394
2022-05-18,1.0087740447419005,1.6247337096797174
2022-05-19,1.0049742993186983,1.6393203434380508
2022-05-20,1.0102362287990692,1.6674853944649362
2022-05-23,1.0072334811730639,1.6864563001822943
2022-05-24,1.0077544761591843,1.7247983072337516
2022-05-25,1.003731802101938,1.6961105907680274
2022-05-26,1.003715251929758,1.695399909126758
2022-05-27,1.002758620350901,1.677498902063641
2022-05-30,1.0034589293746317,1.653311162662441
2022-05-31,1.0070419870146892,1.64501492896087
2022-06-01,1.005549845584343,1.6205108230867828
2022-06-02,1.0018759732599214,1.6010954584507306
2022-06-03,1.0008671241397067,1.605223255798107
2022-06-06,0.9962432338765749,1.609324431722433
2022-06-07,0.9906140248208422,1.6095795509160142
2022-06-08,0.9940863239348603,1.5977488197121004
2022-06-09,0.9950055759920172,1.5887864810350287
2022-06-10,0.9963339164359128,1.5772320989120168
2022-06-13,0.9912159813200981,1.5761462942873647
2022-06-14,0.9894876704372698,1.5905553326028985
2022-06-15,0.9877539132008855,1.6136370832045661
2022-06-16,0.984826169471947,1.6284986900256209
2022-06-17,0.9804387477125984,1.624456912791612
2022-06-20,0.9801937684920204,1.6370979661856717
2022-06-21,0.982535149152671,1.632644616416249
2022-06-22,0.9777700859227377,1.6554087299336189
2022-06-23,0.9801145378664763,1.6478753958363441
2022-06-24,0.976968606421759,1.643827528034767
2022-06-27,0.9708752817071098,1.6221462437624754
2022-06-28,0.9768142741349625,1.6162710915842258
2022-06-29,0.9770614276281828,1.6164577633120418
2022-06-30,0.9748690665812559,1.6294104649272723
2022-07-01,0.9776351927438247,1.668162076900516
2022-07-04,0.9752722263954429,1.6795968152787875
2022-07-05,0.9768885472139561,1.6809578999174155
2022-07-06,0.9791313905784295,1.6545794195568717
2022-07-07,0.9832468824404704,1.662447150678367
2022-07-08,0.9837934559327793,1.6783043225083016
2022-07-11,0.9826240063575031,1.6831717213553796
2022-07-12,0.9803332826662935,1.7076042214841702
2022-07-13,0.9834012138053223,1.7032298472306608
2022-07-14,0.9796724461933478,1.691980738044046
2022-07-15,0.9818406926263898,1.6958227269210433
2022-07-18,0.9809162640377372,1.7005043545506935
2022-07-19,0.9800746600444373,1.6777337377064103
2022-07-20,0.9771504555733965,1.6944198355855002
2022-07-21,0.9767067893308665,1.7045620024408472
2022-07-22,0.9761920158008671,1.7260484172577137
2022-07-25,0.9768543804573557,1.7319787587589368
2022-07-26,0.9746358580210664,1.7281230119118567
2022-07-27,0.9717142385557412,1.7411909445115386
2022-07-28,0.9740963982883959,1.7426333491089507
2022-07-29,0.9770568165078902,1.7672533103262675
2022-08-01,0.9759372964121423,1.766203189239422
2022-08-02,0.9801976157568613,1.7747491370012345
2022-08-03,0.9784454916164874,1.769370826402337
2022-08-04,0.9807992200106891,1.795123387536861
2022-08-05,0.9742215359547072,1.8056932593178505
2022-08-08,0.9767356095962624,1.7773001712715588
2022-08-09,0.978492791346886,1.7348227974964774
2022-08-10,0.9785869399831584,1.7366019100984291
2022-08-11,0.983050503236107,1.7489762351284797
2022-08-12,0.982718135145529,1.7501037889371445
2022-08-15,0.9805067297275717,1.7623541946022783
2022-08-16,0.9836655457086668,1.735004602953789
2022-08-17,0.9829704348002141,1.7546709949285826
2022-08-18,0.9878106402878221,1.7579854912318815
2022-08-19,0.9898684165721064,1.7637461821684428
2022-08-22,0.9927601594720002,1.8044410806274749
2022-08-23,0.9892471276992454,1.852726896838109
2022-08-24,0.9850328519343284,1.8643946870532644
2022-08-25,0.983109903257152,1.8807081099148273
2022-08-26,0.9832618590388341,1.8815978103667896
2022-08-29,0.9795712942726563,1.8795501151739318
2022-08-30,0.9828305216067084,1.878772435303764
2022-08-31,0.9799169928767352,1.8960311919069484
2022-09-01,0.976688156949797,1.8971096514157177
2022-09-02,0.971556586859119,1.873895756795677
2022-09-05,0.9776985056846471,1.8808017028895156
2022-09-06,0.9786598201267693,1.8659895641453776
2022-09-07,0.9783357010646071,1.8778378542998326
2022-09-08,0.9777667144305161,1.8776802709309088
2022-09-09,0.9775756365976085,1.8711372042536372
2022-09-12,0.974403234307568,1.857555642101998
2022-09-13,0.9712811677764778,1.8537427346611806
2022-09-14,0.9721220745137297,1.8629584240146584
2022-09-15,0.9707881973244088,1.8830215788753122
2022-09-16,0.9700046763881737,1.8828277650849297
2022-09-19,0.9696436900772905,1.9057781613339975
2022-09-20,0.9733800643791739,1.9001132066100197
2022-09-21,0.9736512111637885,1.9041402477415172
2022-09-22,0.9770944225608011,1.8929310405355253
2022-09-23,0.9810918717586938,1.8939223534891283
2022-09-26,0.9798435007132398,1.8870633473089098
2022-09-27,0.9811077683651457,1.8880453089416067
2022-09-28,0.9808215110142652,1.8651421492728233
2022-09-29,0.9784914022177165,1.8826984941158724
2022-09-30,0.9801532382890255,1.8802477882853197
2022-10-03,0.9796145469688802,1.9075092665177025
2022-10-04,0.9792757401390978,1.9040286691626627
2022-10-05,0.9762065197735287,1.9402259698529827
2022-10-06,0.9777093084964501,1.8938125980490235
2022-10-07,0.9745757041011441,1.916708670047877
2022-10-10,0.979305971210643,1.940036555075575
2022-10-11,0.9816149338535508,1.9336906868850035
2022-10-12,0.9819035592429843,1.9647859481870955
2022-10-13,0.9783921133379574,1.9752246177816664
2022-10-14,0.979050169157771,1.9591475635723579
2022-10-17,0.9810090949386162,1.9536490424182889
2022-10-18,0.9802874688262602,1.9571028220947342
2022-10-19,0.9867958072469829,1.9811780777000907
2022-10-20,0.985701705940096,1.9527739479414583
2022-10-21,0.982571352614317,1.947229834340081
2022-10-24,0.9824383654301052,1.9697499304160904
2022-10-25,0.9820020187392007,1.913674448379653
2022-10-26,0.9805206318054224,1.9347389461749533
2022-10-27,0.9832968101127522,1.9462362410231424
2022-10-28,0.985245904426991,1.9265312782718498
2022-10-31,0.9861986536435567,1.9298231660218905
2022-11-01,0.9893931132218681,1.9119377066298984
2022-11-02,0.9884286168497067,1.9239850508414087
2022-11-03,0.9851212918386311,1.8954294447452293
2022-11-04,0.9803543713805909,1.9086510777458812
2022-11-07,0.9816328769276285,1.9292181390735745
2022-11-08,0.9822899683371805,1.9682712190608425
2022-11-09,0.9861184817715946,1.9557736580196976
2022-11-10,0.9865734635633809,1.9851250178205158
2022-11-11,0.9856971997588841,2.0058338332776455
2022-11-14,0.9843736104523134,2.021572865602155
2022-11-15,0.9819204167538246,2.041235953933877
2022-11-16,0.9810777756109166,2.026934838697683
2022-11-17,0.9869986020849024,2.015201382380939
2022-11-18,0.9902459912820955,2.0469653460500683
2022-11-21,0.9852823894186385,2.021422144575219
2022-11-22,0.9884378724659705,2.0383940631337536
2022-11-23,0.988875226815767,2.038245165109834
2022-11-24,0.9886279027744223,2.0190135918456815
2022-11-25,0.988665614196106,2.0301911424462595
2022-11-28,0.9927184876562823,2.049198710381318
2022-11-29,0.9983263613964258,2.072449681595069
2022-11-30,0.9985076630691067,2.09265992591745
2022-12-01,0.9960899417731517,2.118001032183033
2022-12-02,1.0009852414325726,2.0950468737574415
2022-12-05,1.0052106046583404,2.0837976987407707
2022-12-06,1.0091158030595986,2.0844023181838414
2022-12-07,1.0085590632219894,2.114349635651661
2022-12-08,1.0121289900181725,2.111843917852881
2022-12-09,1.0121987529140075,2.1095752493033273
2022-12-12,1.0167042544110263,2.1253030401307407
2022-12-13,1.0156727652020618,2.1478023202284864
2022-12-14,1.0098292061593752,2.130565683818769
2022-12-15,1.014961880387153,2.1368641675985733
2022-12-16,1.0145689609397972,2.143556317126951
2022-12-19,1.0138645043914654,2.1321615176346915
2022-12-20,1.0169804885009919,2.089242876042597
2022-12-21,1.019132569792623,2.074669279421981
2022-12-22,1.0220754109722663,2.0792827899121167
2022-12-23,1.02253885912993,2.0890426858750506
2022-12-26,1.0247230031078172,2.1244702518241083
2022-12-27,1.0251874997722064,2.115494648514518
2022-12-28,1.0285165192517685,2.1293716101899762
2022-12-29,1.027736292370791,2.123696571029848
2022-12-30,1.0279156612454492,2.1365330391418595
2023-01-02,1.0208991800370164,2.166293849438172
2023-01-03,1.0230318647592989,2.17307707188088
2023-01-04,1.0221229681897341,2.144821949155622
2023-01-05,1.0224037307549685,2.1467487552804605
2023-01-06,1.025365328977255,2.122954093211305
2023-01-09,1.0263574581952226,2.1634463072596137
2023-01-10,1.0260295891361908,2.1299645741287776
2023-01-11,1.025613568634448,2.0886745220891676
2023-01-12,1.0220746797053648,2.124074250934777
2023-01-13,1.020347601400969,2.1037219771632665
2023-01-16,1.0217373670883108,2.1153332844072215
2023-01-17,1.0261978073579288,2.1271859514647597
2023-01-18,1.0276395617799376,2.151134122583905
2023-01-19,1.026620797682466,2.1432601640657762
2023-01-20,1.0259478098319055,2.1641117403832575
2023-01-23,1.0264474802263288,2.1694499491270296
2023-01-24,1.0264121262286214,2.16782728852849
2023-01-25,1.0298461747897854,2.123533214724882
2023-01-26,1.0308829194758637,2.109414945825042
2023-01-27,1.028960671088719,2.082577216770587
2023-01-30,1.0292800618871474,2.075257443717747
2023-01-31,1.032581040729372,2.0902486879868016
2023-02-01,1.0353575412581357,2.058543455115427
2023-02-02,1.0341879099734654,2.061214555214085
2023-02-03,1.0319455288673411,2.073539039697567
2023-02-06,1.0297100279636677,2.0831260412462083
2023-02-07,1.0322846817553355,2.062536598697635
2023-02-08,1.0273680645233476,2.0766462777705845
2023-02-09,1.024155326200358,2.083814079485737
2023-02-10,1.0265264868859252,2.1150929724623273
2023-02-13,1.0267342361913219,2.1291152821535606
2023-02-14,1.0292433875975397,2.1208439053518653
2023-02-15,1.0286832612694832,2.1113467675469746
2023-02-16,1.0260409043208456,2.0945368864045553
2023-02-17,1.022978406786185,2.080371070327717
2023-02-20,1.02387890864098,2.0726324523151662
2023-02-21,1.023108726769244,2.0613924229581797
2023-02-22,1.0231082112374088,2.052510159451467
2023-02-23,1.0218461084377635,2.0572169143289747
2023-02-24,1.0279530958843035,2.032642624038731
2023-02-27,1.0301904239754323,2.0269817402021686
2023-02-28,1.0311047024628124,2.023062233524148
2023-03-01,1.032091650653175,2.021634177398159
2023-03-02,1.0287471887424702,2.007668749774072
2023-03-03,1.0253463901770492,1.993652690143901
2023-03-06,1.0244317883901413,2.007907918448337
2023-03-07,1.024516441779815,2.0054617467062923
2023-03-08,1.0208183287574815,2.013438844058773
2023-03-09,1.0192385152628511,1.9887366130866881
2023-03-10,1.0203522218290382,1.99601427834499
2023-03-13,1.02175511958312,2.006299621121955
2023-03-14,1.0271699541990749,2.028042595233234
2023-03-15,1.0290525173175837,2.042265977375744
2023-03-16,1.027833173820015,2.0651814039339205
2023-03-17,1.030640015688118,2.0701236653415735
2023-03-20,1.0267859430549768,2.0838227796473627
2023-03-21,1.0289965710507458,2.0618499809739936
2023-03-22,1.028533780729442,2.101525794418477
2023-03-23,1.025855383786191,2.153367633173432
2023-03-24,1.0239359162196635,2.1425655583854453
2023-03-27,1.024695064353737,2.12057004461256
2023-03-28,1.0228476571034533,2.121412364850671
2023-03-29,1.0208909173001304,2.104870290384771
2023-03-30,1.0222872472405888,2.106453565423902
2023-03-31,1.0229690137344927,2.099587689368781
2023-04-03,1.0235324067716594,2.118868047797896
2023-04-04,1.0212510008237643,2.1544621545091203
2023-04-05,1.0205514599083594,2.144510679024401
2023-04-06,1.0199861727082389,2.15153870631475
2023-04-07,1.0218485264364032,2.1799119473584936
2023-04-10,1.0198287963630879,2.1981358446620174
2023-04-11,1.016976955890455,2.1848611049738147
2023-04-12,1.0199353347854436,2.170914872223244
2023-04-13,1.0150694587978053,2.1638846692303333
2023-04-14,1.015818984504272,2.1699097144842128
2023-04-17,1.0119799057343901,2.167794297760264
2023-04-18,1.01285588888595,2.145849503723467
2023-04-19,1.0047666084004698,2.1715648716883353
2023-04-20,1.008427370472084,2.1879050142845853
2023-04-21,1.0088734071297165,2.184545655575259
2023-04-24,1.01231248731256,2.18899869036798
2023-04-25,1.0100234285897185,2.198164113170285
2023-04-26,1.01268098134275,2.2029109110000755
2023-04-27,1.005875297546423,2.233547403046912
2023-04-28,1.0084007380571884,2.2397101383049565
2023-05-01,1.008668552197314,2.2318071875774743
2023-05-02,1.007079028006694,2.239418566307745
2023-05-03,1.0007117625835906,2.2207578681828783
2023-05-04,1.0000528794743908,2.229224737877684
2023-05-05,0.9945200593410068,2.189977793848787
2023-05-08,0.998434279637401,2.1614342857470463
2023-05-09,0.9961445557429423,2.127788586836832
2023-05-10,0.9950961352771053,2.1150398607944654
2023-05-11,0.9950649943945936,2.1091588617328045
2023-05-12,0.9940193129790659,2.111348862947481
2023-05-15,0.9953123945959867,2.1205508726210707
2023-05-16,0.9942335996446272,2.1101350775254826
2023-05-17,0.994410081750174,2.1233870962359207
2023-05-18,0.9921444551544183,2.0829677701795926
2023-05-19,0.9978998421947506,2.06813956699096
2023-05-22,0.993576946145225,2.0674413709415607
2023-05-23,0.9907835555834573,2.083527738801696
2023-05-24,0.9895509727497089,2.0495936508993595
2023-05-25,0.9872349951384273,2.0488997229847015
2023-05-26,0.98800982441879,2.0371441247804682
2023-05-29,0.9867969974087513,2.022903513781674
2023-05-30,0.9880008277258383,1.998979851712087
2023-05-31,0.9838737109901041,2.0030886191947714
2023-06-01,0.9854787624015119,2.008707611006931
2023-06-02,0.9803657769430116,1.9916818157409633
2023-06-05,0.9850008585917592,1.9842289938113176
2023-06-06,0.988199793754447,1.985955414602899
2023-06-07,0.9850227824805854,1.9834270248585257
2023-06-08,0.9823598149001077,1.9752090049593114
2023-06-09,0.9812387421413095,1.989037370784858
2023-06-12,0.9812157296161826,2.03469930323382
2023-06-13,0.9822980232389465,1.9911439726603855
2023-06-14,0.9789414213843458,1.9675452686198165
2023-06-15,0.9821464417831446,1.9884102187035253
2023-06-16,0.9765644161115098,1.975244078290834
2023-06-19,0.9790338911843713,1.9758486427088475
2023-06-20,0.9775355967756983,1.9626459322707213
2023-06-21,0.977777902089002,1.9604875967832724
2023-06-22,0.9757819434283307,1.9734281123423818
2023-06-23,0.9787701216298497,1.933501248820379
2023-06-26,0.9795931630579017,1.8971341773168662
2023-06-27,0.9821904566355163,1.8930270386611803
2023-06-28,0.9791406214795083,1.9038884819305226
2023-06-29,0.9815262571235331,1.9041848124471086
2023-06-30,0.9795140396979058,1.8886010902810018
2023-07-03,0.9821545831674521,1.8821148227735767
2023-07-04,0.9836753220991991,1.8636550694119458
2023-07-05,0.9818284573839338,1.8762350438628392
2023-07-06,0.9796761765584852,1.9231865687287721
2023-07-07,0.9783870818824311,1.912744153091756
2023-07-10,0.9792846855174361,1.9339356493151802
2023-07-11,0.9776057450942335,1.9312385280663524
2023-07-12,0.9732062166201402,1.9203334127028258
2023-07-13,0.9731088407419536,1.9456279112276256
2023-07-14,0.9755327507096948,1.9495152092384758
2023-07-17,0.9727753115569138,1.9835085197211033
2023-07-18,0.9821456214442458,2.0211772965752877
2023-07-19,0.9833209229130162,2.067219225840416
2023-07-20,0.9837908482292822,2.07042745097886
2023-07-21,0.9820358715655209,2.0884222571574074
2023-07-24,0.9856285542201464,2.1045543337731973
2023-07-25,0.9855559637151681,2.109255631707731
2023-07-26,0.9860695332540538,2.1441555171477957
2023-07-27,0.9884677116213985,2.1298062206711856
2023-07-28,0.9894627166219752,2.1312849495551047
2023-07-31,0.9851049681961216,2.1611824965007806
2023-08-01,0.9825441904044182,2.1676905753413718
2023-08-02,0.9838221364778003,2.1840797843784108
2023-08-03,0.9874802691556073,2.190869750972797
2023-08-04,0.9892055412481414,2.115231329006031
2023-08-07,0.985132268112525,2.0931867016981713
2023-08-08,0.9893820444442206,2.0885761938666656
2023-08-09,0.9891755093506428,2.0605502243971
2023-08-10,0.9923604555380388,2.0461947891150376
2023-08-11,0.9904644187308278,2.026337439129427
2023-08-14,0.994635914758593,2.043738984646466
2023-08-15,0.9959076944032658,2.065320505458344
2023-08-16,0.9964437973681922,2.0999315572206734
2023-08-17,0.9980638280208588,2.10903973225214
2023-08-18,0.9957509601228525,2.1015508338150197
2023-08-21,0.9951063565585497,2.115565530118068
2023-08-22,0.9917125763886396,2.1110003824953743
2023-08-23,0.9860445332807523,2.10013350334689
2023-08-24,0.9885565765477491,2.0850573503389405
2023-08-25,0.9890285134677277,2.1039134194165943
2023-08-28,0.9885461541622126,2.101749209474821
2023-08-29,0.9888907159141465,2.1115113075260017
2023-08-30,0.9893922674801824,2.1051236859067006
2023-08-31,0.9918682534822775,2.080068654566315
2023-09-01,0.991021116571445,2.0723496406026216
2023-09-04,0.9922168603004515,2.0917118288636956
2023-09-05,0.9894829390299885,2.0940871812947566
2023-09-06,0.9918778108147576,2.0966027749210907
2023-09-07,0.9868205560306447,2.0880032969907867
2023-09-08,0.9901140208307359,2.0307424540406163
2023-09-11,0.9854970301422902,2.092534411731786
2023-09-12,0.9909256603585944,2.0978110814205273
2023-09-13,0.9913069122059329,2.1221066144005696
2023-09-14,0.9936067632219502,2.148780020549859
2023-09-15,0.9932037372731696,2.129088287701278
2023-09-18,0.9906078925540378,2.1720666383099094
2023-09-19,0.9869779630474624,2.176088691366195
2023-09-20,0.9912014090153706,2.1399325318733617
2023-09-21,0.9927700781312568,2.120126217444763
2023-09-22,0.9931815264994569,2.1097699785689947
2023-09-25,0.996642219624422,2.1406395495331934
2023-09-26,0.9951070759949542,2.118697680289872
2023-09-27,0.9952957982628391,2.113997695940522
2023-09-28,1.0041103787227565,2.093759152598986
2023-09-29,1.0070070714421389,2.1174275733854278
2023-10-02,1.0093828218372096,2.0864151842660523
2023-10-03,1.0131607978302464,2.10892010783161
2023-10-04,1.0173880001251323,2.126899214783782
2023-10-05,1.0164234783382404,2.0891954768190155
2023-10-06,1.01371678157792,2.102759892384155
2023-10-09,1.0127861842199615,2.120055245430818
2023-10-10,1.0107381708473628,2.1162873212295503
2023-10-11,1.0129380703359843,2.106705182726072
2023-10-12,1.014128231824502,2.0753264702220484
2023-10-13,1.0131612990458696,2.0602138518993227
2023-10-16,1.0126265077546635,2.0409747284274533
2023-10-17,1.0126461777047038,2.0276038569606936
2023-10-18,1.0142519288895246,2.0158961554232357
